{"Version":1,"ManifestType":"Publish","Endpoints":[{"Route":"LogViewer.html","AssetFile":"LogViewer.html","Selectors":[],"ResponseHeaders":[{"Name":"Accept-Ranges","Value":"bytes"},{"Name":"Cache-Control","Value":"no-cache"},{"Name":"Content-Length","Value":"9289"},{"Name":"Content-Type","Value":"text/html"},{"Name":"ETag","Value":"\"haH+PmwCaok1TwPpjgYn9niPlU1Lk3n51RJ0Xk7levs=\""},{"Name":"Last-Modified","Value":"Sun, 07 Dec 2025 16:26:40 GMT"}],"EndpointProperties":[{"Name":"integrity","Value":"sha256-haH+PmwCaok1TwPpjgYn9niPlU1Lk3n51RJ0Xk7levs="}]},{"Route":"LogViewer.ta00c5uowv.html","AssetFile":"LogViewer.html","Selectors":[],"ResponseHeaders":[{"Name":"Accept-Ranges","Value":"bytes"},{"Name":"Cache-Control","Value":"max-age=31536000, immutable"},{"Name":"Content-Length","Value":"9289"},{"Name":"Content-Type","Value":"text/html"},{"Name":"ETag","Value":"\"haH+PmwCaok1TwPpjgYn9niPlU1Lk3n51RJ0Xk7levs=\""},{"Name":"Last-Modified","Value":"Sun, 07 Dec 2025 16:26:40 GMT"}],"EndpointProperties":[{"Name":"fingerprint","Value":"ta00c5uowv"},{"Name":"integrity","Value":"sha256-haH+PmwCaok1TwPpjgYn9niPlU1Lk3n51RJ0Xk7levs="},{"Name":"label","Value":"LogViewer.html"}]},{"Route":"Logger.html","AssetFile":"Logger.html","Selectors":[],"ResponseHeaders":[{"Name":"Accept-Ranges","Value":"bytes"},{"Name":"Cache-Control","Value":"no-cache"},{"Name":"Content-Length","Value":"10094"},{"Name":"Content-Type","Value":"text/html"},{"Name":"ETag","Value":"\"59o9D++mksvPWBCGI4389paJ+R6Z20630YgMRBuU95Q=\""},{"Name":"Last-Modified","Value":"Sun, 07 Dec 2025 16:43:13 GMT"}],"EndpointProperties":[{"Name":"integrity","Value":"sha256-59o9D++mksvPWBCGI4389paJ+R6Z20630YgMRBuU95Q="}]},{"Route":"Logger.xmmqgkxduy.html","AssetFile":"Logger.html","Selectors":[],"ResponseHeaders":[{"Name":"Accept-Ranges","Value":"bytes"},{"Name":"Cache-Control","Value":"max-age=31536000, immutable"},{"Name":"Content-Length","Value":"10094"},{"Name":"Content-Type","Value":"text/html"},{"Name":"ETag","Value":"\"59o9D++mksvPWBCGI4389paJ+R6Z20630YgMRBuU95Q=\""},{"Name":"Last-Modified","Value":"Sun, 07 Dec 2025 16:43:13 GMT"}],"EndpointProperties":[{"Name":"fingerprint","Value":"xmmqgkxduy"},{"Name":"integrity","Value":"sha256-59o9D++mksvPWBCGI4389paJ+R6Z20630YgMRBuU95Q="},{"Name":"label","Value":"Logger.html"}]}]}